idPub;idUtil;titre;datePubli;contenu;pieceJointe
1;48;at pede. Cras;2005-02-04 00:48:32;magnis dis parturient montes, nascetur ridiculus mus. Donec dignissim magna;http://youtube.com/sub
2;74;ultrices posuere cubilia Curae Phasellus;2015-01-23 03:00:10;ipsum. Suspendisse non leo. Vivamus nibh dolor, nonummy ac, feugiat non, lobortis quis, pede. Suspendisse;https://facebook.com/user/110
3;64;luctus et ultrices posuere cubilia Curae;2024-05-04 12:54:32;montes, nascetur ridiculus mus. Aenean eget magna. Suspendisse tristique neque venenatis lacus.;http://naver.com/fr
4;20;mus. Proin vel arcu eu;2017-12-08 07:32:15;Integer in magna. Phasellus dolor elit, pellentesque a, facilisis non, bibendum;http://bbc.co.uk/en-ca
5;83;faucibus ut, nulla. Cras eu tellus;2012-11-08 07:21:50;auctor velit. Aliquam nisl. Nulla eu neque pellentesque massa lobortis ultrices. Vivamus rhoncus. Donec est. Nunc;https://facebook.com/one
6;60;Sed id risus quis;2022-08-22 23:22:53;egestas. Aliquam nec enim. Nunc ut erat. Sed nunc est, mollis non, cursus non, egestas a, dui.;https://naver.com/sub/cars
7;25;mi enim, condimentum eget,;2012-01-18 15:17:42;rutrum. Fusce dolor quam, elementum at, egestas a, scelerisque sed, sapien. Nunc pulvinar arcu et;http://youtube.com/settings
8;4;tempus risus. Donec egestas. Duis;2004-12-23 16:15:22;ipsum cursus vestibulum. Mauris magna. Duis dignissim tempor arcu. Vestibulum ut eros;http://guardian.co.uk/sub
9;23;Nunc ut erat. Sed;2009-09-29 00:46:41;iaculis odio. Nam interdum enim non nisi. Aenean eget metus. In nec orci. Donec nibh. Quisque;http://reddit.com/sub
10;35;Sed eu nibh;2016-09-09 08:20:39;ac mattis ornare, lectus ante dictum mi, ac mattis velit justo nec ante.;https://bbc.co.uk/group/9
11;82;Aenean sed pede nec ante;2022-10-20 00:01:58;est arcu ac orci. Ut semper pretium neque. Morbi quis urna. Nunc quis arcu vel quam dignissim pharetra. Nam ac;http://reddit.com/site
12;28;et, commodo at, libero. Morbi;2010-08-30 04:54:14;ornare placerat, orci lacus vestibulum lorem, sit amet ultricies sem;http://bbc.co.uk/en-us
13;67;volutpat. Nulla facilisis. Suspendisse commodo;2004-10-08 15:24:55;Suspendisse aliquet molestie tellus. Aenean egestas hendrerit neque. In ornare sagittis felis. Donec tempor, est ac mattis;http://zoom.us/one
14;77;ut erat. Sed nunc est,;2020-02-17 03:34:40;mattis. Integer eu lacus. Quisque imperdiet, erat nonummy ultricies ornare, elit elit;https://wikipedia.org/sub/cars
15;84;lorem. Donec elementum,;2022-03-22 22:02:45;dictum ultricies ligula. Nullam enim. Sed nulla ante, iaculis nec, eleifend;https://instagram.com/site
16;90;magna. Ut tincidunt orci quis;2013-11-27 17:38:25;Donec consectetuer mauris id sapien. Cras dolor dolor, tempus non, lacinia;http://walmart.com/sub/cars
17;77;vitae, posuere at,;2023-01-28 11:53:01;ut nisi a odio semper cursus. Integer mollis. Integer tincidunt aliquam arcu. Aliquam ultrices iaculis;http://pinterest.com/fr
18;65;nisl. Nulla eu neque pellentesque;2021-10-28 08:32:23;amet ornare lectus justo eu arcu. Morbi sit amet massa. Quisque porttitor eros nec tellus. Nunc;https://netflix.com/en-ca
19;55;dictum eu, eleifend nec, malesuada;2015-12-13 14:02:57;gravida non, sollicitudin a, malesuada id, erat. Etiam vestibulum massa rutrum magna.;http://twitter.com/en-ca
20;67;cursus in, hendrerit consectetuer, cursus;2016-12-06 01:37:43;augue ut lacus. Nulla tincidunt, neque vitae semper egestas, urna justo faucibus;http://guardian.co.uk/site
21;83;pede sagittis augue, eu tempor;2007-03-18 18:37:41;dapibus ligula. Aliquam erat volutpat. Nulla dignissim. Maecenas ornare egestas ligula. Nullam feugiat placerat velit. Quisque varius. Nam porttitor;http://instagram.com/en-us
22;44;Fusce fermentum fermentum arcu.;2018-08-01 10:13:22;vel, vulputate eu, odio. Phasellus at augue id ante dictum cursus. Nunc mauris elit, dictum;https://baidu.com/user/110
23;60;libero. Proin mi. Aliquam;2019-12-09 21:42:39;pellentesque. Sed dictum. Proin eget odio. Aliquam vulputate ullamcorper magna. Sed;http://baidu.com/settings
24;88;Mauris nulla. Integer urna. Vivamus molestie;2011-06-25 16:07:06;neque tellus, imperdiet non, vestibulum nec, euismod in, dolor. Fusce feugiat. Lorem ipsum;http://naver.com/user/110
25;40;nec metus facilisis lorem tristique;2013-05-16 23:51:45;auctor non, feugiat nec, diam. Duis mi enim, condimentum eget, volutpat ornare, facilisis eget, ipsum. Donec sollicitudin adipiscing ligula.;https://youtube.com/site
26;27;luctus sit amet, faucibus ut,;2007-10-29 05:19:48;mi fringilla mi lacinia mattis. Integer eu lacus. Quisque imperdiet, erat nonummy ultricies ornare, elit elit;http://youtube.com/group/9
27;32;magna. Nam ligula elit,;2019-01-02 14:23:56;a tortor. Nunc commodo auctor velit. Aliquam nisl. Nulla eu neque pellentesque massa lobortis ultrices.;http://cnn.com/group/9
28;21;sollicitudin adipiscing ligula. Aenean gravida;2020-06-11 17:23:57;bibendum sed, est. Nunc laoreet lectus quis massa. Mauris vestibulum,;http://whatsapp.com/group/9
29;22;massa. Suspendisse eleifend. Cras;2003-03-06 18:32:04;Cras eu tellus eu augue porttitor interdum. Sed auctor odio a purus. Duis elementum, dui quis accumsan convallis, ante;https://reddit.com/one
30;43;Cras dictum ultricies ligula. Nullam enim.;2008-11-02 17:23:28;Curabitur massa. Vestibulum accumsan neque et nunc. Quisque ornare tortor at risus. Nunc ac;http://cnn.com/fr
31;93;egestas. Aliquam fringilla cursus;2018-01-05 20:59:52;odio. Phasellus at augue id ante dictum cursus. Nunc mauris elit, dictum eu, eleifend nec, malesuada ut,;https://wikipedia.org/sub
32;61;varius ultrices, mauris ipsum porta elit,;2005-01-08 19:36:07;arcu. Aliquam ultrices iaculis odio. Nam interdum enim non nisi. Aenean;https://youtube.com/sub
33;11;consequat purus. Maecenas libero;2008-12-08 12:57:37;dolor sit amet, consectetuer adipiscing elit. Aliquam auctor, velit eget laoreet posuere, enim nisl elementum purus, accumsan interdum;http://bbc.co.uk/fr
34;15;odio. Etiam ligula tortor,;2016-07-20 06:17:41;imperdiet non, vestibulum nec, euismod in, dolor. Fusce feugiat. Lorem ipsum dolor;https://pinterest.com/group/9
35;78;Nullam velit dui,;2004-08-30 03:28:55;et tristique pellentesque, tellus sem mollis dui, in sodales elit erat vitae risus. Duis a mi fringilla mi lacinia mattis.;http://google.com/user/110
36;22;Aliquam ornare, libero at auctor;2006-03-12 20:02:22;orci lobortis augue scelerisque mollis. Phasellus libero mauris, aliquam eu, accumsan sed, facilisis vitae, orci.;https://bbc.co.uk/site
37;34;Integer aliquam adipiscing lacus. Ut;2021-12-01 10:54:52;dolor dapibus gravida. Aliquam tincidunt, nunc ac mattis ornare, lectus ante dictum mi, ac mattis velit;http://whatsapp.com/fr
38;47;iaculis, lacus pede sagittis augue,;2004-09-20 20:22:32;morbi tristique senectus et netus et malesuada fames ac turpis egestas. Fusce aliquet magna a neque. Nullam ut nisi a;https://pinterest.com/sub
39;47;ac turpis egestas. Aliquam;2005-07-04 05:55:09;interdum. Sed auctor odio a purus. Duis elementum, dui quis accumsan convallis, ante lectus convallis est, vitae;https://instagram.com/sub
40;96;Integer in magna. Phasellus dolor;2005-09-08 19:17:11;ornare placerat, orci lacus vestibulum lorem, sit amet ultricies sem magna nec quam. Curabitur vel lectus. Cum sociis;http://bbc.co.uk/settings
41;82;fames ac turpis egestas. Aliquam;2009-09-08 11:00:49;ipsum leo elementum sem, vitae aliquam eros turpis non enim.;https://whatsapp.com/fr
42;12;pede. Cum sociis natoque;2006-08-16 03:44:12;nonummy ac, feugiat non, lobortis quis, pede. Suspendisse dui. Fusce diam nunc, ullamcorper eu, euismod;http://guardian.co.uk/en-us
43;8;Nulla interdum. Curabitur;2018-01-13 00:56:35;dolor sit amet, consectetuer adipiscing elit. Etiam laoreet, libero et tristique;http://wikipedia.org/sub
44;45;lobortis quis, pede. Suspendisse dui.;2003-12-16 10:31:39;et ipsum cursus vestibulum. Mauris magna. Duis dignissim tempor arcu. Vestibulum ut eros non enim;http://ebay.com/site
45;3;laoreet ipsum. Curabitur consequat, lectus sit;2008-08-26 15:14:44;justo nec ante. Maecenas mi felis, adipiscing fringilla, porttitor vulputate, posuere vulputate, lacus. Cras;http://netflix.com/settings
46;16;egestas rhoncus. Proin nisl sem,;2015-05-27 16:39:57;magna tellus faucibus leo, in lobortis tellus justo sit amet nulla. Donec non justo. Proin non massa non ante;http://wikipedia.org/en-ca
47;57;porttitor vulputate, posuere vulputate, lacus. Cras;2022-12-27 05:38:32;diam. Pellentesque habitant morbi tristique senectus et netus et malesuada fames ac turpis egestas.;https://netflix.com/group/9
48;24;penatibus et magnis dis;2012-12-21 10:40:35;libero. Morbi accumsan laoreet ipsum. Curabitur consequat, lectus sit amet;http://reddit.com/sub
49;70;dapibus rutrum, justo. Praesent luctus.;2020-02-24 01:33:27;nibh dolor, nonummy ac, feugiat non, lobortis quis, pede. Suspendisse dui. Fusce diam nunc, ullamcorper;http://ebay.com/en-us
50;59;amet diam eu dolor egestas rhoncus.;2009-09-23 01:54:46;Sed malesuada augue ut lacus. Nulla tincidunt, neque vitae semper egestas, urna justo;https://naver.com/settings
51;62;sollicitudin a, malesuada id,;2003-04-01 11:09:12;ornare, elit elit fermentum risus, at fringilla purus mauris a nunc. In at pede. Cras vulputate velit eu;http://netflix.com/one
52;85;eu eros. Nam;2018-07-09 18:11:52;non, feugiat nec, diam. Duis mi enim, condimentum eget, volutpat ornare, facilisis;http://yahoo.com/fr
53;65;Phasellus vitae mauris sit amet lorem;2005-12-17 19:53:49;leo, in lobortis tellus justo sit amet nulla. Donec non justo. Proin non;https://bbc.co.uk/user/110
54;85;vitae, erat. Vivamus nisi.;2010-06-03 15:06:23;placerat eget, venenatis a, magna. Lorem ipsum dolor sit amet, consectetuer adipiscing elit. Etiam laoreet, libero et;https://whatsapp.com/fr
55;48;Sed neque. Sed eget;2009-09-02 01:13:29;interdum. Nunc sollicitudin commodo ipsum. Suspendisse non leo. Vivamus nibh dolor, nonummy;https://ebay.com/sub/cars
56;81;odio tristique pharetra. Quisque ac;2005-11-01 00:49:03;magna. Praesent interdum ligula eu enim. Etiam imperdiet dictum magna. Ut tincidunt orci quis lectus.;http://whatsapp.com/user/110
57;77;blandit viverra. Donec tempus, lorem;2013-06-22 17:55:51;eros non enim commodo hendrerit. Donec porttitor tellus non magna. Nam ligula elit, pretium et, rutrum non, hendrerit id,;https://nytimes.com/one
58;2;commodo hendrerit. Donec porttitor tellus;2021-05-15 18:04:47;nisi a odio semper cursus. Integer mollis. Integer tincidunt aliquam;http://pinterest.com/site
59;30;Integer tincidunt aliquam arcu.;2003-06-25 07:16:14;congue, elit sed consequat auctor, nunc nulla vulputate dui, nec tempus;https://walmart.com/fr
60;34;risus. Donec egestas.;2024-05-07 10:45:49;Donec fringilla. Donec feugiat metus sit amet ante. Vivamus non lorem;http://google.com/group/9
61;73;vitae odio sagittis semper. Nam tempor;2014-03-21 05:01:54;Aliquam fringilla cursus purus. Nullam scelerisque neque sed sem egestas blandit.;http://wikipedia.org/fr
62;16;ipsum dolor sit amet, consectetuer adipiscing;2010-07-03 22:27:18;auctor, velit eget laoreet posuere, enim nisl elementum purus, accumsan interdum libero dui nec;https://baidu.com/user/110
63;11;elit. Aliquam auctor,;2012-01-12 12:56:09;vitae semper egestas, urna justo faucibus lectus, a sollicitudin orci sem eget massa. Suspendisse eleifend.;http://yahoo.com/sub/cars
64;13;sapien molestie orci tincidunt;2019-12-08 05:44:00;ligula. Nullam enim. Sed nulla ante, iaculis nec, eleifend non, dapibus rutrum, justo. Praesent luctus. Curabitur;http://reddit.com/sub/cars
65;15;nulla. Integer vulputate,;2023-06-11 11:34:40;dis parturient montes, nascetur ridiculus mus. Donec dignissim magna a tortor. Nunc commodo;https://naver.com/sub/cars
66;95;tortor nibh sit amet;2018-05-10 20:12:50;ante dictum mi, ac mattis velit justo nec ante. Maecenas mi felis, adipiscing fringilla,;http://pinterest.com/en-ca
67;5;eu elit. Nulla;2023-10-05 15:44:16;Cum sociis natoque penatibus et magnis dis parturient montes, nascetur ridiculus mus. Proin vel nisl. Quisque fringilla;http://youtube.com/sub
68;69;id magna et ipsum cursus;2011-07-05 15:40:53;pede. Nunc sed orci lobortis augue scelerisque mollis. Phasellus libero mauris, aliquam eu, accumsan sed, facilisis;http://google.com/site
69;65;erat, eget tincidunt dui;2011-11-22 20:09:04;luctus aliquet odio. Etiam ligula tortor, dictum eu, placerat eget, venenatis a,;https://baidu.com/site
70;62;ac urna. Ut tincidunt vehicula;2011-06-15 05:15:30;nec ante blandit viverra. Donec tempus, lorem fringilla ornare placerat, orci lacus vestibulum lorem,;https://netflix.com/settings
71;58;at, velit. Pellentesque;2019-10-08 06:37:56;dolor. Quisque tincidunt pede ac urna. Ut tincidunt vehicula risus. Nulla;http://walmart.com/settings
72;77;in, tempus eu, ligula.;2004-07-20 07:23:58;dis parturient montes, nascetur ridiculus mus. Aenean eget magna. Suspendisse tristique neque venenatis lacus. Etiam bibendum fermentum;http://wikipedia.org/site
73;41;sociis natoque penatibus et magnis;2021-09-03 05:38:39;dignissim pharetra. Nam ac nulla. In tincidunt congue turpis. In condimentum.;http://cnn.com/settings
74;85;Integer tincidunt aliquam arcu.;2014-09-12 03:37:20;eu sem. Pellentesque ut ipsum ac mi eleifend egestas. Sed pharetra,;http://reddit.com/settings
75;90;posuere, enim nisl elementum;2018-12-14 03:53:38;sit amet ultricies sem magna nec quam. Curabitur vel lectus. Cum sociis;https://yahoo.com/sub
76;86;lectus. Cum sociis natoque penatibus;2005-01-02 06:56:58;aliquet. Phasellus fermentum convallis ligula. Donec luctus aliquet odio. Etiam ligula tortor, dictum eu,;https://zoom.us/en-ca
77;32;Phasellus dolor elit, pellentesque;2010-10-02 04:01:38;iaculis nec, eleifend non, dapibus rutrum, justo. Praesent luctus. Curabitur;http://nytimes.com/group/9
78;17;dolor, nonummy ac, feugiat non,;2023-04-08 14:44:03;dolor. Nulla semper tellus id nunc interdum feugiat. Sed nec metus facilisis lorem tristique aliquet. Phasellus;http://youtube.com/sub/cars
79;99;congue turpis. In condimentum.;2008-02-12 22:13:23;Donec fringilla. Donec feugiat metus sit amet ante. Vivamus non lorem vitae odio sagittis semper. Nam tempor diam dictum;http://instagram.com/group/9
80;92;faucibus leo, in lobortis tellus justo;2022-07-02 17:06:13;non, lobortis quis, pede. Suspendisse dui. Fusce diam nunc, ullamcorper eu,;http://zoom.us/en-us
81;32;mollis. Phasellus libero mauris, aliquam eu,;2008-08-15 20:13:27;Phasellus fermentum convallis ligula. Donec luctus aliquet odio. Etiam ligula tortor, dictum eu, placerat eget, venenatis a, magna.;http://baidu.com/site
82;35;mollis vitae, posuere at, velit. Cras;2016-08-11 18:01:18;eget varius ultrices, mauris ipsum porta elit, a feugiat tellus lorem eu metus. In;https://zoom.us/user/110
83;31;egestas. Fusce aliquet;2003-12-08 20:34:18;quam. Pellentesque habitant morbi tristique senectus et netus et malesuada fames;http://youtube.com/en-ca
84;82;auctor odio a;2013-05-30 20:51:11;est tempor bibendum. Donec felis orci, adipiscing non, luctus sit amet, faucibus ut, nulla. Cras eu tellus;http://wikipedia.org/site
85;13;blandit congue. In scelerisque scelerisque;2012-09-22 16:56:17;Suspendisse sagittis. Nullam vitae diam. Proin dolor. Nulla semper tellus id nunc interdum;http://guardian.co.uk/en-us
86;71;mi lorem, vehicula et, rutrum;2007-09-04 18:49:38;erat, eget tincidunt dui augue eu tellus. Phasellus elit pede, malesuada vel, venenatis vel,;http://naver.com/en-ca
87;24;turpis egestas. Fusce aliquet magna;2017-09-17 11:37:22;nec tellus. Nunc lectus pede, ultrices a, auctor non, feugiat nec, diam. Duis mi enim, condimentum eget, volutpat ornare,;https://naver.com/settings
88;49;volutpat ornare, facilisis eget, ipsum. Donec;2013-11-04 12:49:57;erat, eget tincidunt dui augue eu tellus. Phasellus elit pede, malesuada vel, venenatis;http://bbc.co.uk/sub
89;62;ut, sem. Nulla interdum. Curabitur;2012-12-12 17:27:24;pede. Suspendisse dui. Fusce diam nunc, ullamcorper eu, euismod ac, fermentum vel, mauris. Integer sem elit, pharetra;https://baidu.com/en-us
90;44;consectetuer adipiscing elit. Etiam laoreet,;2009-10-16 08:02:11;Mauris molestie pharetra nibh. Aliquam ornare, libero at auctor ullamcorper, nisl arcu iaculis enim, sit amet ornare lectus justo;https://twitter.com/fr
91;89;ipsum. Phasellus vitae mauris sit amet;2015-11-07 00:17:09;montes, nascetur ridiculus mus. Proin vel nisl. Quisque fringilla euismod enim. Etiam gravida molestie;https://youtube.com/en-ca
92;91;ullamcorper, nisl arcu;2004-09-10 04:08:43;et ultrices posuere cubilia Curae Donec tincidunt. Donec vitae erat vel pede blandit congue. In scelerisque;https://twitter.com/site
93;44;tortor. Nunc commodo;2009-11-01 11:45:37;Proin velit. Sed malesuada augue ut lacus. Nulla tincidunt, neque vitae semper egestas, urna justo faucibus lectus,;https://facebook.com/site
94;81;lorem lorem, luctus ut, pellentesque;2017-09-23 13:18:34;Nulla tempor augue ac ipsum. Phasellus vitae mauris sit amet lorem semper auctor. Mauris vel turpis. Aliquam adipiscing lobortis;http://google.com/user/110
95;9;cursus, diam at pretium;2009-10-24 05:40:43;nec urna suscipit nonummy. Fusce fermentum fermentum arcu. Vestibulum ante ipsum primis in faucibus orci luctus et ultrices;http://netflix.com/site
96;65;ac metus vitae;2018-12-03 05:30:21;Nullam velit dui, semper et, lacinia vitae, sodales at, velit. Pellentesque ultricies dignissim lacus. Aliquam rutrum lorem ac risus.;https://whatsapp.com/group/9
97;49;augue malesuada malesuada. Integer id magna;2023-07-02 01:59:56;lacinia. Sed congue, elit sed consequat auctor, nunc nulla vulputate dui, nec;https://youtube.com/fr
98;4;cursus. Integer mollis. Integer tincidunt;2021-02-11 17:45:39;semper pretium neque. Morbi quis urna. Nunc quis arcu vel quam dignissim pharetra. Nam;http://youtube.com/fr
99;41;iaculis enim, sit amet ornare lectus;2004-08-22 15:31:42;velit. Pellentesque ultricies dignissim lacus. Aliquam rutrum lorem ac risus. Morbi;http://yahoo.com/fr
100;58;bibendum. Donec felis orci,;2005-07-14 23:50:22;lectus justo eu arcu. Morbi sit amet massa. Quisque porttitor eros nec tellus. Nunc lectus pede, ultrices a,;https://zoom.us/group/9
