idUtil;pseudo;mdp;email;role
1;Jillian;XXU65JRI8WK;jillian@etuuparis.com;orga
2;Dexter;XOX43JXV6WM;dexter2624@hotmail.couk;orga
3;Kieran;UHJ08EAV2YP;kieran@yahoo.net;orga
4;Axel;HQX81DGN6ED;axel@yahoo.com;orga
5;Carson;GHD45QFF3BA;carson7464@yahoo.com;orga
6;Dean;LYE42KTP6SW;dean7096@outlook.net;orga
7;Erin;SYG56FBE8BY;erin@hotmail.org;orga
8;Nayda;XQK24YQC3JR;nayda@hotmail.couk;orga
9;Fleur;XMO08KGO2EH;fleur@google.org;orga
10;Karyn;ENH72SPP4TQ;karyn6966@etuuparis.org;orga
11;Daryl;EMP50HYZ7WE;daryl@hotmail.org;orga
12;Wayne;VCA61NPY6LJ;wayne9905@outlook.fr;orga
13;Cade;PIM33UME0DB;cade@hotmail.fr;orga
14;Urielle;QIQ64IPP3CO;urielle@google.net;orga
15;Kiona;NNP71HLW1LE;kiona@google.net;orga
16;Caleb;IDA49ZXR3AR;caleb@hotmail.org;orga
17;Hammett;LGI20NDD5UA;hammett@hotmail.couk;orga
18;Doris;HIN69TPQ8ZD;doris3250@etuuparis.edu;orga
19;Illana;VXN90FQV2CO;illana9706@google.edu;orga
20;Judah;GPE53FVA9WT;judah5327@outlook.org;orga
21;Jermaine;QRL58JMP5LN;jermaine@etuuparis.net;orga
22;Sara;LYJ35RSR4RD;sara@google.fr;orga
23;Alfreda;VTG38VDZ6WU;alfreda@hotmail.net;orga
24;Giacomo;WEW36PBS2GP;giacomo@outlook.com;orga
25;Beau;CWW04EJZ6KM;beau@yahoo.couk;orga
26;Avye;UPD22RUA2XF;avye9322@yahoo.fr;orga
27;Preston;TFC66MSK6PP;preston6603@hotmail.couk;orga
28;Guinevere;UPG46YQF5UK;guinevere42@etuuparis.edu;orga
29;May;KJO46KND3JY;may2917@yahoo.net;orga
30;Alvin;LSE65NNO2JE;alvin@google.couk;orga
31;Kitra;CQN37VRM4YS;kitra7493@yahoo.couk;user
32;Justin;RSS95MNQ1YW;justin6740@outlook.couk;user
33;Vielka;RFZ59EMK2FR;vielka8910@outlook.couk;user
34;Cameran;MAK41UPP7YD;cameran9423@outlook.couk;user
35;Amaya;VXR29JSQ5GY;amaya7483@google.fr;user
36;Rhona;KUD51SIC8AG;rhona@outlook.fr;user
37;Damian;IEM56VUG8IQ;damian@yahoo.com;user
38;Remedios;MKR73LFN4OP;remedios@etuuparis.com;user
39;Hakeem;GYZ86BNZ2RF;hakeem1301@yahoo.com;user
40;Bree;CLC81CXD6KT;bree@yahoo.fr;user
41;Dustin;RQF44WFS6OT;dustin@etuuparis.couk;user
42;Sopoline;IDW12RID5ER;sopoline8910@etuuparis.org;user
43;Victoria;DOS94RUU7MC;victoria@outlook.couk;user
44;Marvin;SUT48NJP6BJ;marvin9494@hotmail.edu;user
45;Chadwick;ULO61IPK6SO;chadwick@google.edu;user
46;Gray;PNS17HPO1LO;gray6008@etuuparis.com;user
47;Ella;RLW21UER4SE;ella8795@google.fr;user
48;Scott;WER38KVT1WD;scott@yahoo.couk;user
49;Gavin;ZFM31UGT0FJ;gavin@hotmail.edu;user
50;Dacey;FLA19NHE9LD;dacey4387@yahoo.couk;user
51;Sophia;XLQ43ECF2YL;sophia8150@outlook.org;user
52;Whoopi;VEV26GYM8HO;whoopi8026@etuuparis.edu;user
53;Arthur;SFL37TWX2ZY;arthur@etuuparis.edu;user
54;Clark;UHP45UON9AK;clark6647@google.net;user
55;Giacomo;BJP77KXX7VC;giacomo@yahoo.edu;user
56;Avram;PWG31TSZ1KW;avram2620@etuuparis.org;user
57;Eugenia;NTU48HIC3ES;eugenia@etuuparis.couk;user
58;Chaney;UVB50EYQ6NQ;chaney@yahoo.fr;user
59;Ira;XKM47ZIO2MD;ira@yahoo.com;user
60;Kirestin;OVL31APD8YP;kirestin6189@yahoo.com;user
61;Colorado;OWB04MJK5TS;colorado3688@yahoo.edu;user
62;Brynn;FOU34VJX3XR;brynn5227@outlook.com;user
63;Fatima;PNJ57VKG5NS;fatima7969@outlook.couk;user
64;Neil;CJM73YVJ3RR;neil8525@etuuparis.couk;user
65;Theodore;SKU86IXG5MU;theodore@hotmail.couk;user
66;Chava;JAN59SMZ9UH;chava6772@hotmail.couk;user
67;Dennis;GMF35OQI7LG;dennis@etuuparis.org;user
68;Hakeem;EHK22QHL8YM;hakeem429@etuuparis.fr;user
69;Lenore;ZJR01YJY8EB;lenore3791@hotmail.couk;user
70;Phelan;VDS74GJG7RJ;phelan@yahoo.fr;admin
71;Inga;IFY63QOB1ZM;inga@hotmail.net;admin
72;Portia;ZRK93NQJ8OX;portia3180@yahoo.couk;user
73;Grady;ISV86FIG9IE;grady1345@outlook.org;user
74;Igor;ZVO12NXC0IP;igor@yahoo.net;user
75;Shelby;DVN80HDC0LG;shelby@outlook.org;user
76;Bree;VCF39YOO4TT;bree3782@yahoo.com;user
77;Petra;CXM25QNM2CX;petra@hotmail.couk;user
78;Benedict;HSG14HYD7HR;benedict8941@hotmail.edu;user
79;Reese;GFU62HOV0YL;reese9170@etuuparis.edu;admin
80;Yvette;LQR58CCQ2PI;yvette6107@google.couk;admin
81;Natalie;CSK36XOI3DP;natalie1460@outlook.org;user
82;Martin;YTJ67DXH7GY;martin8227@hotmail.org;user
83;Hoyt;VDS08WXS3SJ;hoyt@yahoo.net;admin
84;Jane;CXX73PGA6GW;jane@outlook.edu;user
85;Lev;LYS03KNR2XI;lev6454@hotmail.org;admin
86;Jameson;MDN56PGN0TQ;jameson451@hotmail.com;admin
87;Levi;DTL27BGR3LS;levi6276@outlook.net;user
88;Jana;ATH77OKO1JO;jana9484@etuuparis.com;user
89;Genevieve;TNK73CXS1SY;genevieve8194@hotmail.edu;user
90;Tad;MLW61MZR4GD;tad6357@hotmail.edu;admin
91;Dominique;QMR02SBN9BG;dominique3146@etuuparis.org;user
92;Xavier;BDR40KIW4YS;xavier2880@google.couk;user
93;Ria;NHH12LIK5PF;ria2333@outlook.couk;admin
94;Hayes;MSC51WWQ2BV;hayes9647@yahoo.fr;user
95;Beau;RBS63GWM5GH;beau9721@google.net;user
96;Brock;YFM65LVX2VI;brock@etuuparis.edu;user
97;Germane;IHN26GUX5KB;germane@hotmail.couk;user
98;Barclay;VYK34BQE8WX;barclay4787@etuuparis.net;admin
99;Kibo;CKS41XON6PV;kibo2115@google.net;user
100;Shaine;CKM47EDS6NF;shaine@hotmail.net;user
